word,ipa,source,pt_equivalent
abaixu,aňąbaj Éu,rule-derived (synthetic dataset),
abajo,aňąba ío,"attested (Macias 2003, p.33)",abaixo
abanar,abaňąna…ĺ,rule-derived (synthetic dataset),
aban√ßa,aňąbanőła,rule-derived (synthetic dataset),
abeias,aňąbejas,rule-derived (synthetic dataset),
aberta,aňąbe…ĺta,rule-derived (synthetic dataset),
ab√≥,aňąb…Ē,rule-derived (synthetic dataset),
ab√≥s,aňąb…Ēs,rule-derived (synthetic dataset),
ab√ī,aňąbo,rule-derived (synthetic dataset),
acabar,akaňąba…ĺ,rule-derived (synthetic dataset),
acabou,akaňąbow,rule-derived (synthetic dataset),
acende,aňąőłende,rule-derived (synthetic dataset),
acendenum,aőłenňądenŇ©,rule-derived (synthetic dataset),
acendeu,aőłenňądeu,rule-derived (synthetic dataset),
acima,aňąőłima,rule-derived (synthetic dataset),
acostumaba,akostuňąmaba,rule-derived (synthetic dataset),
adormecem,ado…ĺňąmeőłŠļĹ,rule-derived (synthetic dataset),
adormeceu,ado…ĺmeňąőłeu,rule-derived (synthetic dataset),
agarrou,a…°aňąrow,rule-derived (synthetic dataset),
agora,aňą…°o…ĺa,"attested (Macias 2003, p.33)",agora
agostu,aňą…°ostu,rule-derived (synthetic dataset),
agradeceu,a…°…ĺadeňąőłeu,rule-derived (synthetic dataset),
agua,aňą…°ua,rule-derived (synthetic dataset),
aguentou,a…°uenňątow,rule-derived (synthetic dataset),
ainda,ňąajnda,rule-derived (synthetic dataset),
al,al,"attested (Macias 2003, p.27 morph)",o (artigo)
aldeia,alňądeja,rule-derived (synthetic dataset),
algua,alňą…°ua,"attested (Macias 2003, p.25 phon)",alguma
alguas,alňą…°uas,rule-derived (synthetic dataset),
algu√©m,al…°uňą…õŐÉ,rule-derived (synthetic dataset),
alma,ňąalma,rule-derived (synthetic dataset),
als,ňąals,rule-derived (synthetic dataset),
amanhar,amaňą…≤a…ĺ,"attested (Macias 2003, p.33)",preparar
amanh√£,ňąama…≤√£,rule-derived (synthetic dataset),
amassou,amaňąsow,rule-derived (synthetic dataset),
ambos,ňąambos,rule-derived (synthetic dataset),
anda,ňąanda,rule-derived (synthetic dataset),
andar,anňąda…ĺ,rule-derived (synthetic dataset),
animais,aňąnimajs,rule-derived (synthetic dataset),
anos,ňąanos,rule-derived (synthetic dataset),
antepassaus,anteňąpasaws,rule-derived (synthetic dataset),
antes,ňąantes,rule-derived (synthetic dataset),
antigas,anňąti…°as,rule-derived (synthetic dataset),
antigos,anňąti…°os,rule-derived (synthetic dataset),
antigu,anňąti…°u,rule-derived (synthetic dataset),
anu,ňąanu,rule-derived (synthetic dataset),
apaga,aňąpa…°a,rule-derived (synthetic dataset),
apareceu,apa…ĺeňąőłeu,rule-derived (synthetic dataset),
aprende,apňą…ĺende,rule-derived (synthetic dataset),
aprendem,apňą…ĺendŠļĹ,rule-derived (synthetic dataset),
aprender,ap…ĺenňąde…ĺ,rule-derived (synthetic dataset),
apresentanum,ap…ĺesenňątanŇ©,rule-derived (synthetic dataset),
apressou,ap…ĺeňąsow,rule-derived (synthetic dataset),
aqui,ňąakj,rule-derived (synthetic dataset),
arau,aňą…ĺaw,rule-derived (synthetic dataset),
ardem,ňąa…ĺdŠļĹ,rule-derived (synthetic dataset),
arranxam,aňąran É√£,rule-derived (synthetic dataset),
arranxanum,aranňą ÉanŇ©,rule-derived (synthetic dataset),
arranxar,aranňą Éa…ĺ,rule-derived (synthetic dataset),
arranxau,aranňą Éaw,rule-derived (synthetic dataset),
arrastou,arasňątow,rule-derived (synthetic dataset),
arriba,aňąriba,"attested (Macias 2003, p.33)",acima
aspois,ňąaspojs,"attested (Macias 2003, p.33)",depois
assim,ňąasń©,rule-derived (synthetic dataset),
asta,ňąasta,"attested (Macias 2003, p.33)",at√©
ast√©,asňąt…õ,"attested (Macias 2003, p.33)",at√©
atadas,aňątadas,rule-derived (synthetic dataset),
atentos,aňątentos,rule-derived (synthetic dataset),
aten√ß√£u,aňątenőł√£u,rule-derived (synthetic dataset),
atrai,atňą…ĺaj,rule-derived (synthetic dataset),
atr√°s,atňą…ĺas,rule-derived (synthetic dataset),
autocarru,awtoňąkaru,rule-derived (synthetic dataset),
axuda,aňą Éuda,rule-derived (synthetic dataset),
axudam,aňą Éud√£,rule-derived (synthetic dataset),
baca,ňąbaka,"attested (Macias 2003, p.33)",vaca
bacas,ňąbakas,rule-derived (synthetic dataset),
bacia,ňąbaőłja,rule-derived (synthetic dataset),
bades,ňąbades,"attested (Macias 2003, p.19 narr)",ides
bai,ňąbaj,"attested (Macias 2003, p.19 narr)",vai
baixinhu,bajňą Éi…≤u,rule-derived (synthetic dataset),
baixu,ňąbaj Éu,rule-derived (synthetic dataset),
baliente,baňąljente,"attested (Macias 2003, p.33)",valente
baltazar,baltaňąőła…ĺ,rule-derived (synthetic dataset),
bamos,ňąbamos,"attested (Macias 2003, p.19 narr)",vamos
ban,b√£,"attested (Macias 2003, p.19 narr)",v√£o
barru,ňąbaru,rule-derived (synthetic dataset),
batatas,baňątatas,rule-derived (synthetic dataset),
bater,baňąte…ĺ,rule-derived (synthetic dataset),
bateu,baňąteu,rule-derived (synthetic dataset),
batia,ňąbatja,"attested (Macias 2003, p.19 narr)",batia
batida,baňątida,rule-derived (synthetic dataset),
bazia,ňąbaőłja,rule-derived (synthetic dataset),
bebe,ňąbebe,rule-derived (synthetic dataset),
bebem,ňąbebŠļĹ,rule-derived (synthetic dataset),
beber,beňąbe…ĺ,rule-derived (synthetic dataset),
beia,ňąbeja,rule-derived (synthetic dataset),
beio,ňąbejo,"attested (Macias 2003, p.33 gloss)",vejo
beios,ňąbejos,rule-derived (synthetic dataset),
beiu,ňąbeju,rule-derived (synthetic dataset),
benecir,beneňąőłi…ĺ,"attested (Macias 2003, p.34)",benzer
benhir,beňą…≤i…ĺ,"attested (Macias 2003, p.19 narr)",vir
bentu,ňąbentu,rule-derived (synthetic dataset),
benze,ňąbenőłe,rule-derived (synthetic dataset),
benzeu,benňąőłeu,rule-derived (synthetic dataset),
benziu,ňąbenőłju,rule-derived (synthetic dataset),
ber,ňąbe…ĺ,rule-derived (synthetic dataset),
bergonha,be…ĺňą…°o…≤a,"attested (Macias 2003, p.19 narr)",vergonha
ber√£u,ňąbe…ĺ√£u,rule-derived (synthetic dataset),
bestem,ňąbestŠļĹ,rule-derived (synthetic dataset),
bez,ňąbeőł,rule-derived (synthetic dataset),
bezes,ňąbeőłes,rule-derived (synthetic dataset),
bibe,ňąbibe,rule-derived (synthetic dataset),
bibem,ňąbibŠļĹ,rule-derived (synthetic dataset),
biber,biňąbe…ĺ,rule-derived (synthetic dataset),
bibeu,biňąbeu,rule-derived (synthetic dataset),
bibia,ňąbibja,rule-derived (synthetic dataset),
bibian,ňąbibj√£,rule-derived (synthetic dataset),
bibu,ňąbibu,rule-derived (synthetic dataset),
bida,ňąbida,rule-derived (synthetic dataset),
bien,ňąbjeŐÉ,rule-derived (synthetic dataset),
bienu,ňąbjenu,"attested (Macias 2003, p.19 narr)",veio
bierde,ňąbje…ĺde,rule-derived (synthetic dataset),
biesse,ňąbjese,rule-derived (synthetic dataset),
bindimas,binňądimas,rule-derived (synthetic dataset),
binha,ňąbi…≤a,rule-derived (synthetic dataset),
binhenum,biňą…≤enŇ©,rule-derived (synthetic dataset),
binhu,ňąbi…≤u,rule-derived (synthetic dataset),
binum,ňąbinŇ©,rule-derived (synthetic dataset),
biu,ňąbju,rule-derived (synthetic dataset),
bizinhos,biňąőłi…≤os,rule-derived (synthetic dataset),
bizinhu,biňąőłi…≤u,rule-derived (synthetic dataset),
boca,ňąboka,rule-derived (synthetic dataset),
bois,ňąbojs,rule-derived (synthetic dataset),
bola,ňąbola,rule-derived (synthetic dataset),
bolta,ňąbolta,rule-derived (synthetic dataset),
boltanum,bolňątanŇ©,rule-derived (synthetic dataset),
boltou,bolňątow,rule-derived (synthetic dataset),
bonitu,boňąnitu,rule-derived (synthetic dataset),
bou,ňąbow,"attested (Macias 2003, p.19 narr)",vou
boz,ňąboőł,rule-derived (synthetic dataset),
bragan√ßa,b…ĺaňą…°anőła,rule-derived (synthetic dataset),
branca,ňąb…ĺanka,rule-derived (synthetic dataset),
breu,ňąb…ĺeu,rule-derived (synthetic dataset),
briiaba,b…ĺiňąjaba,rule-derived (synthetic dataset),
brincam,ňąb…ĺink√£,rule-derived (synthetic dataset),
brincar,b…ĺinňąka…ĺ,rule-derived (synthetic dataset),
buraca,buňą…ĺaka,"attested (Macias 2003, p.30 etym)",postigo
burru,ňąburu,rule-derived (synthetic dataset),
buscar,busňąka…ĺ,rule-derived (synthetic dataset),
b√°s,ňąbas,"attested (Macias 2003, p.19 narr)",vais
b√™,ňąbe,"attested (Macias 2003, p.33 gloss)",v√™
b√™mos,ňąbemos,"attested (Macias 2003, p.33 gloss)",vemos
b√™n,ňąbŠļĹ,"attested (Macias 2003, p.33 gloss)",v√™m
b√™nen,ňąbenŠļĹ,rule-derived (synthetic dataset),
b√™s,ňąbes,"attested (Macias 2003, p.33 gloss)",v√™s
b√ī,ňąbo,"attested (Macias 2003, p.27 morph)",bom
b√īa,ňąboa,rule-derived (synthetic dataset),
b√īs,ňąbos,rule-derived (synthetic dataset),
cabra,ňąkab…ĺa,rule-derived (synthetic dataset),
cabras,ňąkab…ĺas,rule-derived (synthetic dataset),
cada,ňąkada,rule-derived (synthetic dataset),
cadeia,kaňądeja,rule-derived (synthetic dataset),
caem,ňąkaŠļĹ,rule-derived (synthetic dataset),
cai,ňąkaj,rule-derived (synthetic dataset),
caia,ňąkaja,rule-derived (synthetic dataset),
cair,ňąkaj…ĺ,rule-derived (synthetic dataset),
cama,ňąkama,rule-derived (synthetic dataset),
campos,ňąkampos,rule-derived (synthetic dataset),
campu,ňąkampu,rule-derived (synthetic dataset),
canada,kaňąnada,"attested (Macias 2003, p.34)",caminho
canadas,kaňąnadas,rule-derived (synthetic dataset),
canta,ňąkanta,rule-derived (synthetic dataset),
cantaban,kanňątab√£,rule-derived (synthetic dataset),
cantam,ňąkant√£,rule-derived (synthetic dataset),
cantigas,kanňąti…°as,rule-derived (synthetic dataset),
carneiru,ka…ĺňąnej…ĺu,rule-derived (synthetic dataset),
carregaba,kareňą…°aba,rule-derived (synthetic dataset),
carregam,kaňąre…°√£,rule-derived (synthetic dataset),
carru,ňąkaru,rule-derived (synthetic dataset),
casam,ňąkas√£,rule-derived (synthetic dataset),
casar,kaňąsa…ĺ,rule-derived (synthetic dataset),
casou,kaňąsow,rule-derived (synthetic dataset),
cassa,ňąkasa,"attested (Macias 2003, p.34)",casa
cassas,ňąkasas,rule-derived (synthetic dataset),
castanhas,kasňąta…≤as,rule-derived (synthetic dataset),
catchimbu,kaňąt Éimbu,rule-derived (synthetic dataset),
caxau,kaňą Éaw,rule-derived (synthetic dataset),
ca√ßaba,kaňąőłaba,rule-derived (synthetic dataset),
ca√≠du,kaňąidu,rule-derived (synthetic dataset),
cedu,ňąőłedu,rule-derived (synthetic dataset),
ceifar,őłejňąfa…ĺ,rule-derived (synthetic dataset),
centeiu,őłenňąteju,rule-derived (synthetic dataset),
cereal,őłe…ĺeňąal,rule-derived (synthetic dataset),
cidade,őłiňądade,rule-derived (synthetic dataset),
cima,ňąőłima,rule-derived (synthetic dataset),
cincu,ňąőłinku,rule-derived (synthetic dataset),
ciscaban,őłisňąkab√£,rule-derived (synthetic dataset),
clementina,klemenňątina,rule-derived (synthetic dataset),
cobradas,kobňą…ĺadas,rule-derived (synthetic dataset),
cobram,ňąkob…ĺ√£,rule-derived (synthetic dataset),
cobre,ňąkob…ĺe,rule-derived (synthetic dataset),
cobrem,ňąkob…ĺŠļĹ,rule-derived (synthetic dataset),
cobrian,ňąkob…ĺj√£,rule-derived (synthetic dataset),
cobriu,ňąkob…ĺju,rule-derived (synthetic dataset),
coier,kojňąe…ĺ,rule-derived (synthetic dataset),
coisa,ňąkojsa,rule-derived (synthetic dataset),
coisas,ňąkojsas,rule-derived (synthetic dataset),
come,ňąkome,rule-derived (synthetic dataset),
comem,ňąkomŠļĹ,rule-derived (synthetic dataset),
comenum,koňąmenŇ©,rule-derived (synthetic dataset),
comer,koňąme…ĺ,rule-derived (synthetic dataset),
come√ßou,komeňąőłow,rule-derived (synthetic dataset),
comida,koňąmida,rule-derived (synthetic dataset),
companhia,komňąpa…≤ja,rule-derived (synthetic dataset),
comprida,komňąp…ĺida,rule-derived (synthetic dataset),
comprius,ňąkomp…ĺjus,rule-derived (synthetic dataset),
compr√™ste,komňąp…ĺeste,"attested (Macias 2003, p.24 phon)",compraste
comunit√°riu,komuniňąta…ĺju,rule-derived (synthetic dataset),
com√©rciu,koňąm…õ…ĺőłju,rule-derived (synthetic dataset),
concordanum,konko…ĺňądanŇ©,rule-derived (synthetic dataset),
conforme,konňąfo…ĺme,rule-derived (synthetic dataset),
conhece,koňą…≤eőłe,rule-derived (synthetic dataset),
conseio,konňąsejo,"attested (Macias 2003, p.34)",conselho
consigu,konňąsi…°u,rule-derived (synthetic dataset),
contam,ňąkont√£,rule-derived (synthetic dataset),
contas,ňąkontas,rule-derived (synthetic dataset),
contensa,konňątensa,rule-derived (synthetic dataset),
contente,konňątente,rule-derived (synthetic dataset),
continuou,kontinuňąow,rule-derived (synthetic dataset),
contou,konňątow,rule-derived (synthetic dataset),
cor,ňąko…ĺ,rule-derived (synthetic dataset),
cora√ß√£u,koňą…ĺaőł√£u,rule-derived (synthetic dataset),
corre,ňąkore,rule-derived (synthetic dataset),
corria,ňąkorja,rule-derived (synthetic dataset),
corta,ňąko…ĺta,rule-derived (synthetic dataset),
cortaba,ko…ĺňątaba,rule-derived (synthetic dataset),
cortada,ko…ĺňątada,rule-derived (synthetic dataset),
cortar,ko…ĺňąta…ĺ,rule-derived (synthetic dataset),
cortou,ko…ĺňątow,rule-derived (synthetic dataset),
costas,ňąkostas,rule-derived (synthetic dataset),
costumes,kosňątumes,rule-derived (synthetic dataset),
coubes,ňąkowbes,rule-derived (synthetic dataset),
coze,ňąkoőłe,rule-derived (synthetic dataset),
cozinha,koňąőłi…≤a,rule-derived (synthetic dataset),
coziu,ňąkoőłju,rule-derived (synthetic dataset),
crepitaba,krepiňątaba,rule-derived (synthetic dataset),
crian√ßas,ňąkrjanőłas,rule-derived (synthetic dataset),
cumu,ňąkumu,"attested (Macias 2003, p.34)",como
cun,kŇ©,rule-derived (synthetic dataset),
curbas,ňąku…ĺbas,rule-derived (synthetic dataset),
curral,kuňąral,"attested (Macias 2003, p.34)",curral
curtas,ňąku…ĺtas,rule-derived (synthetic dataset),
curtos,ňąku…ĺtos,rule-derived (synthetic dataset),
c√°,ňąka,rule-derived (synthetic dataset),
c√£es,ňąk√£es,rule-derived (synthetic dataset),
c√£u,ňąk√£u,rule-derived (synthetic dataset),
daba,ňądaba,rule-derived (synthetic dataset),
dal,ňądal,rule-derived (synthetic dataset),
dan√ßa,ňądanőła,rule-derived (synthetic dataset),
dan√ßaban,danňąőłab√£,rule-derived (synthetic dataset),
de,de,rule-derived (synthetic dataset),
debagar,debaňą…°a…ĺ,rule-derived (synthetic dataset),
debe,ňądebe,rule-derived (synthetic dataset),
debia,ňądebja,rule-derived (synthetic dataset),
debian,ňądebj√£,rule-derived (synthetic dataset),
decidinum,deőłiňądinŇ©,rule-derived (synthetic dataset),
decidiu,deňąőłidju,rule-derived (synthetic dataset),
deixar,dejňą Éa…ĺ,rule-derived (synthetic dataset),
dele,ňądele,rule-derived (synthetic dataset),
descansu,desňąkansu,rule-derived (synthetic dataset),
desde,ňądesde,rule-derived (synthetic dataset),
desexanum,deseňą ÉanŇ©,rule-derived (synthetic dataset),
despesas,desňąpesas,rule-derived (synthetic dataset),
dessioutru,desňąjowt…ĺu,"attested (Macias 2003, p.34)",no outro dia
destas,ňądestas,rule-derived (synthetic dataset),
dezembru,deňąőłemb…ĺu,rule-derived (synthetic dataset),
dia,ňądja,rule-derived (synthetic dataset),
dialectu,djaňąlektu,rule-derived (synthetic dataset),
dias,ňądjas,rule-derived (synthetic dataset),
dibide,diňąbide,rule-derived (synthetic dataset),
diferente,difeňą…ĺente,rule-derived (synthetic dataset),
diferentes,difeňą…ĺentes,rule-derived (synthetic dataset),
diferen√ßa,difeňą…ĺenőła,rule-derived (synthetic dataset),
dif√≠cil,diňąfiőłil,rule-derived (synthetic dataset),
dinheiru,diňą…≤ej…ĺu,rule-derived (synthetic dataset),
dir,ňądi…ĺ,rule-derived (synthetic dataset),
direitu,diňą…ĺejtu,rule-derived (synthetic dataset),
discutem,disňąkutŠļĹ,rule-derived (synthetic dataset),
dix,ňądi É,rule-derived (synthetic dataset),
dixe,ňądi Ée,"attested (Macias 2003, p.34 gloss)",disse
dixen,ňądi ÉŠļĹ,rule-derived (synthetic dataset),
diximos,diňą Éimos,"attested (Macias 2003, p.34 gloss)",dissemos
dixiste,diňą Éiste,"attested (Macias 2003, p.34 gloss)",disseste
dixu,ňądi Éu,"attested (Macias 2003, p.34)",disse
dix√™num,diňą ÉenŇ©,rule-derived (synthetic dataset),
dla,ňądla,rule-derived (synthetic dataset),
dlas,ňądlas,rule-derived (synthetic dataset),
dlos,ňądlos,rule-derived (synthetic dataset),
doce,ňądoőłe,rule-derived (synthetic dataset),
doente,doňąente,rule-derived (synthetic dataset),
dois,ňądojs,rule-derived (synthetic dataset),
domingu,doňąmin…°u,rule-derived (synthetic dataset),
donu,ňądonu,rule-derived (synthetic dataset),
dormem,ňądo…ĺmŠļĹ,rule-derived (synthetic dataset),
dormia,ňądo…ĺmja,rule-derived (synthetic dataset),
du,du,rule-derived (synthetic dataset),
duas,ňąduas,rule-derived (synthetic dataset),
dura,ňądu…ĺa,rule-derived (synthetic dataset),
duram,ňądu…ĺ√£,rule-derived (synthetic dataset),
durante,duňą…ĺante,rule-derived (synthetic dataset),
d√°,ňąda,rule-derived (synthetic dataset),
d√≠bida,ňądibida,rule-derived (synthetic dataset),
eira,ňąej…ĺa,rule-derived (synthetic dataset),
elegenum,eleňąxenŇ©,rule-derived (synthetic dataset),
eleitos,eňąlejtos,rule-derived (synthetic dataset),
em,ŠļĹ,rule-derived (synthetic dataset),
embora,emňąbo…ĺa,rule-derived (synthetic dataset),
enfadar,enfaňąda…ĺ,"attested (Macias 2003, p.34)",cansar-se
entche,ňąent Ée,rule-derived (synthetic dataset),
entcheu,enňąt Éeu,rule-derived (synthetic dataset),
entchius,ňąent Éjus,rule-derived (synthetic dataset),
entra,ňąent…ĺa,rule-derived (synthetic dataset),
erba,ňąe…ĺba,rule-derived (synthetic dataset),
escatchar,eskaňąt Éa…ĺ,"attested (Macias 2003, p.34)","partir, rachar"
escola,esňąkola,rule-derived (synthetic dataset),
escrita,esňąkrita,rule-derived (synthetic dataset),
escura,esňąku…ĺa,rule-derived (synthetic dataset),
espanha,esňąpa…≤a,rule-derived (synthetic dataset),
espanhol,espaňą…≤ol,rule-derived (synthetic dataset),
espanh√≥is,espaňą…≤…Ēis,rule-derived (synthetic dataset),
esta,ňąesta,rule-derived (synthetic dataset),
este,ňąeste,rule-derived (synthetic dataset),
estebe,esňątebe,rule-derived (synthetic dataset),
estiber,estiňąbe…ĺ,rule-derived (synthetic dataset),
estiberem,estiňąbe…ĺŠļĹ,rule-derived (synthetic dataset),
estrada,esňąt…ĺada,rule-derived (synthetic dataset),
estragau,est…ĺaňą…°aw,rule-derived (synthetic dataset),
estragos,esňąt…ĺa…°os,rule-derived (synthetic dataset),
estranhos,esňąt…ĺa…≤os,rule-derived (synthetic dataset),
estrume,esňąt…ĺume,rule-derived (synthetic dataset),
faca,ňąfaka,rule-derived (synthetic dataset),
fala,ňąfala,rule-derived (synthetic dataset),
falaban,faňąlab√£,rule-derived (synthetic dataset),
falam,ňąfal√£,rule-derived (synthetic dataset),
falanum,faňąlanŇ©,rule-derived (synthetic dataset),
falar,faňąla…ĺ,rule-derived (synthetic dataset),
falas,ňąfalas,rule-derived (synthetic dataset),
fale,ňąfale,rule-derived (synthetic dataset),
falou,faňąlow,rule-derived (synthetic dataset),
falta,ňąfalta,rule-derived (synthetic dataset),
fam√≠lia,faňąmilja,rule-derived (synthetic dataset),
farinha,faňą…ĺi…≤a,rule-derived (synthetic dataset),
faz,ňąfaőł,rule-derived (synthetic dataset),
fazer,faňąőłe…ĺ,rule-derived (synthetic dataset),
feitos,ňąfejtos,rule-derived (synthetic dataset),
fenos,ňąfenos,rule-derived (synthetic dataset),
fenu,ňąfenu,rule-derived (synthetic dataset),
ferber,fe…ĺňąbe…ĺ,rule-derived (synthetic dataset),
festa,ňąfesta,rule-derived (synthetic dataset),
festas,ňąfestas,rule-derived (synthetic dataset),
fetchanum,feňąt ÉanŇ©,rule-derived (synthetic dataset),
fetchar,feňąt Éa…ĺ,rule-derived (synthetic dataset),
fetchaus,ňąfet Éaws,rule-derived (synthetic dataset),
fetchou,feňąt Éow,rule-derived (synthetic dataset),
fez,ňąfeőł,rule-derived (synthetic dataset),
fia,ňąfja,"attested (Macias 2003, p.19 narr)",filha
fiaba,ňąfjaba,rule-derived (synthetic dataset),
fiada,ňąfjada,rule-derived (synthetic dataset),
fian,ňąfj√£,rule-derived (synthetic dataset),
fiar,ňąfja…ĺ,rule-derived (synthetic dataset),
fica,ňąfika,rule-derived (synthetic dataset),
ficanum,fiňąkanŇ©,rule-derived (synthetic dataset),
ficar,fiňąka…ĺ,rule-derived (synthetic dataset),
ficou,fiňąkow,rule-derived (synthetic dataset),
fiermenta,fje…ĺňąmenta,rule-derived (synthetic dataset),
fierreiru,fjeňąrej…ĺu,rule-derived (synthetic dataset),
fierru,ňąfjeru,rule-derived (synthetic dataset),
fim,fń©,rule-derived (synthetic dataset),
fina,ňąfina,rule-derived (synthetic dataset),
finas,ňąfinas,rule-derived (synthetic dataset),
fiu,ňąfju,rule-derived (synthetic dataset),
fius,ňąfjus,rule-derived (synthetic dataset),
fizenum,fiňąőłenŇ©,rule-derived (synthetic dataset),
fogueiras,fo…°uňąej…ĺas,rule-derived (synthetic dataset),
foi,ňąfoj,"attested (Macias 2003, p.34 gloss)",foi
foias,ňąfojas,rule-derived (synthetic dataset),
foices,ňąfojőłes,rule-derived (synthetic dataset),
fome,ňąfome,rule-derived (synthetic dataset),
fonte,ňąfonte,rule-derived (synthetic dataset),
fontes,ňąfontes,rule-derived (synthetic dataset),
fonum,ňąfonŇ©,"attested (Macias 2003, p.19 narr)",foram
fora,ňąfo…ĺa,rule-derived (synthetic dataset),
fornu,ňąfo…ĺnu,rule-derived (synthetic dataset),
forxa,ňąfo…ĺ Éa,rule-derived (synthetic dataset),
frente,ňąfrente,rule-derived (synthetic dataset),
fresca,ňąfreska,rule-derived (synthetic dataset),
fria,ňąfrja,rule-derived (synthetic dataset),
frias,ňąfrjas,rule-derived (synthetic dataset),
frios,ňąfrjos,rule-derived (synthetic dataset),
friu,ňąfrju,"attested (Macias 2003, p.25 phon)",frio
fronteira,fronňątej…ĺa,rule-derived (synthetic dataset),
fronteiras,fronňątej…ĺas,rule-derived (synthetic dataset),
fugiu,ňąfuxju,rule-derived (synthetic dataset),
fui,ňąfuj,"attested (Macias 2003, p.34 gloss)",fui
fumam,ňąfum√£,rule-derived (synthetic dataset),
fumar,fuňąma…ĺ,rule-derived (synthetic dataset),
fumos,ňąfumos,"attested (Macias 2003, p.34 gloss)",fomos
fuste,ňąfuste,"attested (Macias 2003, p.34 gloss)",foste
fu√Ęrte,ňąfwa…ĺte,"attested (Macias 2003, p.26 phon)",forte
fu√Ęr√ßa,ňąfwa…ĺőła,"attested (Macias 2003, p.19 narr)",for√ßa
fu√īra,ňąfw…Ē…ĺa,"attested (Macias 2003, p.35)",fora
gaita,ňą…°ajta,"attested (Macias 2003, p.35)",gaita
galinhas,…°aňąli…≤as,rule-derived (synthetic dataset),
galinheiru,…°aliňą…≤ej…ĺu,rule-derived (synthetic dataset),
galu,ňą…°alu,rule-derived (synthetic dataset),
gasta,ňą…°asta,rule-derived (synthetic dataset),
gatu,ňą…°atu,rule-derived (synthetic dataset),
gelu,ňąxelu,rule-derived (synthetic dataset),
gente,ňąxente,rule-derived (synthetic dataset),
goberna,…°oňąbe…ĺna,rule-derived (synthetic dataset),
gorros,ňą…°oros,rule-derived (synthetic dataset),
gosta,ňą…°osta,rule-derived (synthetic dataset),
grabadas,…°…ĺaňąbadas,rule-derived (synthetic dataset),
grabou,…°…ĺaňąbow,rule-derived (synthetic dataset),
grande,ňą…°…ĺande,rule-derived (synthetic dataset),
guarda,…°uňąa…ĺda,rule-derived (synthetic dataset),
guardau,…°ua…ĺňądaw,rule-derived (synthetic dataset),
guerra,…°uňąera,rule-derived (synthetic dataset),
guian,ňą…°uj√£,rule-derived (synthetic dataset),
guma,ňą…°uma,"attested (Macias 2003, p.35)","gume, aresta"
habia,ňąabja,rule-derived (synthetic dataset),
hai,aj,"attested (Macias 2003, p.35 gloss)",h√°
han,√£,"attested (Macias 2003, p.35 gloss)",h√£o
hasta,ňąasta,"attested (Macias 2003, p.35)",at√©
hei,ej,"attested (Macias 2003, p.35 gloss)",hei
hist√≥ria,isňąt…Ē…ĺja,rule-derived (synthetic dataset),
hist√≥rias,isňąt…Ē…ĺjas,rule-derived (synthetic dataset),
home,ňąome,"attested (Macias 2003, p.35)",homem
homes,ňąomes,rule-derived (synthetic dataset),
horas,ňąo…ĺas,rule-derived (synthetic dataset),
horta,ňąo…ĺta,rule-derived (synthetic dataset),
houber,owňąbe…ĺ,rule-derived (synthetic dataset),
hoxe,ňąo Ée,rule-derived (synthetic dataset),
ia,ja,rule-derived (synthetic dataset),
iam,j√£,rule-derived (synthetic dataset),
ie,je,rule-derived (synthetic dataset),
iera,ňąje…ĺa,"attested (Macias 2003, p.19 narr)",era
ieran,ňąje…ĺ√£,"attested (Macias 2003, p.19 narr)",eram
ieras,ňąje…ĺas,"attested (Macias 2003, p.19 narr)",eras
ies,ňąjes,rule-derived (synthetic dataset),
ieu,ňąjeu,"attested (Macias 2003, p.19 narr)",eu
igrexa,i…°ňą…ĺe Éa,rule-derived (synthetic dataset),
inbernu,inňąbe…ĺnu,rule-derived (synthetic dataset),
ingrida,inňą…°…ĺida,"attested (Macias 2003, p.35)",√≠ngreme
inquantu,inňąkwantu,rule-derived (synthetic dataset),
inton,ňąint√Ķ,"attested (Macias 2003, p.35)",ent√£o
introu,inňąt…ĺow,"attested (Macias 2003, p.19 narr)",entrou
iou,ňąjow,"attested (Macias 2003, p.19 narr)",eu
irmau,i…ĺňąmaw,"attested (Macias 2003, p.35)",irm√£o
irm√°,i…ĺňąma,"attested (Macias 2003, p.24 phon)",irm√£
i√©rades,ňąj…õ…ĺades,"attested (Macias 2003, p.24 phon)",√©reis
i√™l,ňąjel,"attested (Macias 2003, p.19 narr)",ele
i√™la,ňąjela,"attested (Macias 2003, p.19 narr)",ela
i√™las,ňąjelas,"attested (Macias 2003, p.19 narr)",elas
i√™los,ňąjelos,"attested (Macias 2003, p.19 narr)",eles
la,la,"attested (Macias 2003, p.27 morph)",a (artigo)
laban,ňąlab√£,rule-derived (synthetic dataset),
labar,laňąba…ĺ,rule-derived (synthetic dataset),
labou,laňąbow,rule-derived (synthetic dataset),
laboura,laňąbow…ĺa,rule-derived (synthetic dataset),
labra,ňąlab…ĺa,rule-derived (synthetic dataset),
ladra,ňąlad…ĺa,rule-derived (synthetic dataset),
lareira,laňą…ĺej…ĺa,rule-derived (synthetic dataset),
las,ňąlas,"attested (Macias 2003, p.27 morph)",as (artigo)
lau,ňąlaw,rule-derived (synthetic dataset),
laus,ňąlaws,rule-derived (synthetic dataset),
le,le,rule-derived (synthetic dataset),
leba,ňąleba,rule-derived (synthetic dataset),
lebantam,leňąbant√£,rule-derived (synthetic dataset),
lebantanum,lebanňątanŇ©,rule-derived (synthetic dataset),
lebantar,lebanňąta…ĺ,rule-derived (synthetic dataset),
lebanum,leňąbanŇ©,rule-derived (synthetic dataset),
lebar,leňąba…ĺ,rule-derived (synthetic dataset),
lebou,leňąbow,rule-derived (synthetic dataset),
lei,ňąlej,rule-derived (synthetic dataset),
leis,ňąlejs,rule-derived (synthetic dataset),
lembrau,lemňąb…ĺaw,rule-derived (synthetic dataset),
lenha,ňąle…≤a,rule-derived (synthetic dataset),
liga,ňąli…°a,rule-derived (synthetic dataset),
linha,ňąli…≤a,rule-derived (synthetic dataset),
lisboa,lisňąboa,rule-derived (synthetic dataset),
listu,ňąlistu,"attested (Macias 2003, p.35)",esperto
lobos,ňąlobos,rule-derived (synthetic dataset),
lobu,ňąlobu,rule-derived (synthetic dataset),
los,ňąlos,"attested (Macias 2003, p.27 morph)",os (artigo)
lousa,ňąlowsa,rule-derived (synthetic dataset),
lugar,luňą…°a…ĺ,"attested (Macias 2003, p.35)",povoa√ß√£o
lume,ňąlume,"attested (Macias 2003, p.35)","lume, f√≥sforos"
l√°,ňąla,rule-derived (synthetic dataset),
l√£,l√£,rule-derived (synthetic dataset),
l√≠ngua,ňąlin…°ua,rule-derived (synthetic dataset),
madeira,maňądej…ĺa,rule-derived (synthetic dataset),
maduru,maňądu…ĺu,rule-derived (synthetic dataset),
magra,ňąma…°…ĺa,"attested (Macias 2003, p.35)",fatia de presunto
magras,ňąma…°…ĺas,rule-derived (synthetic dataset),
mai,ňąmaj,"attested (Macias 2003, p.19 narr)",m√£e
maiu,ňąmaju,rule-derived (synthetic dataset),
man,m√£,"attested (Macias 2003, p.25 phon)",m√£o
manda,ňąmanda,rule-derived (synthetic dataset),
mandaban,manňądab√£,rule-derived (synthetic dataset),
maneira,maňąnej…ĺa,rule-derived (synthetic dataset),
manhana,maňą…≤ana,"attested (Macias 2003, p.24 phon)",manh√£
manh√£s,ňąma…≤√£s,rule-derived (synthetic dataset),
mans,ňąmans,"attested (Macias 2003, p.36)",m√£os
mantas,ňąmantas,rule-derived (synthetic dataset),
marca,ňąma…ĺka,rule-derived (synthetic dataset),
marcas,ňąma…ĺkas,rule-derived (synthetic dataset),
marota,maňą…ĺota,"attested (Macias 2003, p.36)",m√°
martchar,ma…ĺňąt Éa…ĺ,"attested (Macias 2003, p.19 narr)",ir embora
mas,ňąmas,rule-derived (synthetic dataset),
mata,ňąmata,rule-derived (synthetic dataset),
matanum,maňątanŇ©,rule-derived (synthetic dataset),
matanun,maňątanŇ©,"attested (Macias 2003, p.19 narr)",mataram
matan√ßa,maňątanőła,rule-derived (synthetic dataset),
matchada,maňąt Éada,"attested (Macias 2003, p.36)",machada
matei,maňątej,"attested (Macias 2003, p.36 gloss)",matei
mat√™mos,maňątemos,"attested (Macias 2003, p.36 gloss)",mat√°mos
mat√™ste,maňąteste,"attested (Macias 2003, p.36 gloss)",mataste
medu,ňąmedu,rule-derived (synthetic dataset),
meias,ňąmejas,rule-derived (synthetic dataset),
meiu,ňąmeju,rule-derived (synthetic dataset),
mel,ňąmel,rule-derived (synthetic dataset),
mem√≥ria,meňąm…Ē…ĺja,rule-derived (synthetic dataset),
menos,ňąmenos,rule-derived (synthetic dataset),
merece,meňą…ĺeőłe,rule-derived (synthetic dataset),
mesa,ňąmesa,rule-derived (synthetic dataset),
mesma,ňąmesma,rule-derived (synthetic dataset),
mesmu,ňąmesmu,rule-derived (synthetic dataset),
metienun,meňątjenŇ©,"attested (Macias 2003, p.20 narr)",meteram
meu,ňąmeu,rule-derived (synthetic dataset),
miercearia,mje…ĺőłeňąa…ĺja,rule-derived (synthetic dataset),
miguel,mi…°uňąel,rule-derived (synthetic dataset),
milhor,miňąlo…ĺ,"attested (Macias 2003, p.25 phon)",melhor
minha,ňąmi…≤a,rule-derived (synthetic dataset),
mior,ňąmjo…ĺ,"attested (Macias 2003, p.36)",melhor
missa,ňąmisa,rule-derived (synthetic dataset),
misturadas,mistuňą…ĺadas,rule-derived (synthetic dataset),
modu,ňąmodu,rule-derived (synthetic dataset),
moer,moňąe…ĺ,rule-derived (synthetic dataset),
moeu,moňąeu,rule-derived (synthetic dataset),
moiada,mojňąada,rule-derived (synthetic dataset),
moinhu,ňąmoj…≤u,rule-derived (synthetic dataset),
monte,ňąmonte,rule-derived (synthetic dataset),
montes,ňąmontes,rule-derived (synthetic dataset),
morcelas,mo…ĺňąőłelas,rule-derived (synthetic dataset),
mordomo,mo…ĺňądomo,"attested (Macias 2003, p.36)",mordomo
mordomos,mo…ĺňądomos,rule-derived (synthetic dataset),
mordomu,mo…ĺňądomu,rule-derived (synthetic dataset),
morre,ňąmore,rule-derived (synthetic dataset),
morrer,moňąre…ĺ,rule-derived (synthetic dataset),
morreu,moňąreu,rule-derived (synthetic dataset),
moscas,ňąmoskas,rule-derived (synthetic dataset),
mostranum,mosňąt…ĺanŇ©,rule-derived (synthetic dataset),
mo√≠a,moňąia,rule-derived (synthetic dataset),
muda,ňąmuda,rule-derived (synthetic dataset),
mui,ňąmuj,rule-derived (synthetic dataset),
muier,mujňąe…ĺ,rule-derived (synthetic dataset),
muieres,mujňąe…ĺes,rule-derived (synthetic dataset),
muita,ňąmujta,rule-derived (synthetic dataset),
muitas,ňąmujtas,rule-derived (synthetic dataset),
muitos,ňąmujtos,rule-derived (synthetic dataset),
multa,ňąmulta,rule-derived (synthetic dataset),
multas,ňąmultas,rule-derived (synthetic dataset),
mundu,ňąmundu,rule-derived (synthetic dataset),
muros,ňąmu…ĺos,rule-derived (synthetic dataset),
mu√Ęrtu,ňąmwa…ĺtu,"attested (Macias 2003, p.26 phon)",morto
m√©dicu,ňąm…õdiku,rule-derived (synthetic dataset),
m√™s,ňąmes,rule-derived (synthetic dataset),
m√≥i,ňąm…Ēj,rule-derived (synthetic dataset),
na,na,rule-derived (synthetic dataset),
nada,ňąnada,rule-derived (synthetic dataset),
nadam,ňąnad√£,rule-derived (synthetic dataset),
nal,ňąnal,rule-derived (synthetic dataset),
naquela,naňąkela,rule-derived (synthetic dataset),
nascenum,nasňąőłenŇ©,rule-derived (synthetic dataset),
nascer,nasňąőłe…ĺ,rule-derived (synthetic dataset),
nasciu,ňąnasőłju,rule-derived (synthetic dataset),
nebe,ňąnebe,rule-derived (synthetic dataset),
nele,ňąnele,rule-derived (synthetic dataset),
nem,nŠļĹ,rule-derived (synthetic dataset),
nesta,ňąnesta,rule-derived (synthetic dataset),
nestes,ňąnestes,rule-derived (synthetic dataset),
neta,ňąneta,rule-derived (synthetic dataset),
nindua,ninňądua,rule-derived (synthetic dataset),
ninhun,ňąni…≤Ň©,rule-derived (synthetic dataset),
nla,ňąnla,rule-derived (synthetic dataset),
nlas,ňąnlas,rule-derived (synthetic dataset),
nlos,ňąnlos,rule-derived (synthetic dataset),
noba,ňąnoba,rule-derived (synthetic dataset),
nobembru,noňąbemb…ĺu,rule-derived (synthetic dataset),
nobos,ňąnobos,rule-derived (synthetic dataset),
nobu,ňąnobu,rule-derived (synthetic dataset),
nossa,ňąnosa,rule-derived (synthetic dataset),
nossos,ňąnosos,rule-derived (synthetic dataset),
nossu,ňąnosu,rule-derived (synthetic dataset),
noute,ňąnowte,"attested (Macias 2003, p.36)",noite
noutes,ňąnowtes,rule-derived (synthetic dataset),
noutru,ňąnowt…ĺu,rule-derived (synthetic dataset),
nozes,ňąnoőłes,rule-derived (synthetic dataset),
nu,nu,rule-derived (synthetic dataset),
nubens,ňąnubens,rule-derived (synthetic dataset),
nun,nŇ©,"attested (Macias 2003, p.28 morph)",n√£o
nunca,ňąnunka,rule-derived (synthetic dataset),
obedece,obeňądeőłe,rule-derived (synthetic dataset),
obedecian,obeňądeőłj√£,rule-derived (synthetic dataset),
obeias,oňąbejas,rule-derived (synthetic dataset),
ofereceu,ofe…ĺeňąőłeu,rule-derived (synthetic dataset),
oiou,ojňąow,rule-derived (synthetic dataset),
onor,oňąno…ĺ,rule-derived (synthetic dataset),
onte,ňąonte,"attested (Macias 2003, p.36)",ontem
ordem,ňąo…ĺdŠļĹ,rule-derived (synthetic dataset),
ordenha,o…ĺňąde…≤a,rule-derived (synthetic dataset),
orguiu,o…ĺňą…°uju,rule-derived (synthetic dataset),
otcho,ňąot Éo,rule-derived (synthetic dataset),
ou,ow,rule-derived (synthetic dataset),
oube,ňąowbe,rule-derived (synthetic dataset),
oubem,ňąowbŠļĹ,rule-derived (synthetic dataset),
oubir,owňąbi…ĺ,rule-derived (synthetic dataset),
oubiu,ňąowbju,rule-derived (synthetic dataset),
outonu,owňątonu,rule-derived (synthetic dataset),
outra,ňąowt…ĺa,rule-derived (synthetic dataset),
outru,ňąowt…ĺu,rule-derived (synthetic dataset),
outrus,ňąowt…ĺus,rule-derived (synthetic dataset),
outubru,owňątub…ĺu,rule-derived (synthetic dataset),
pa,pa,rule-derived (synthetic dataset),
padre,ňąpad…ĺe,rule-derived (synthetic dataset),
padrinhu,padňą…ĺi…≤u,rule-derived (synthetic dataset),
paga,ňąpa…°a,rule-derived (synthetic dataset),
pagam,ňąpa…°√£,rule-derived (synthetic dataset),
pai,ňąpaj,rule-derived (synthetic dataset),
paia,ňąpaja,rule-derived (synthetic dataset),
pal,ňąpal,rule-derived (synthetic dataset),
pan,p√£,"attested (Macias 2003, p.36)",p√£o
pancadas,panňąkadas,rule-derived (synthetic dataset),
papel,paňąpel,rule-derived (synthetic dataset),
pap√©is,paňąp…õis,rule-derived (synthetic dataset),
parapeitu,pa…ĺaňąpejtu,rule-derived (synthetic dataset),
parede,paňą…ĺede,rule-derived (synthetic dataset),
paredes,paňą…ĺedes,rule-derived (synthetic dataset),
parte,ňąpa…ĺte,rule-derived (synthetic dataset),
partem,ňąpa…ĺtŠļĹ,rule-derived (synthetic dataset),
partes,ňąpa…ĺtes,rule-derived (synthetic dataset),
partida,pa…ĺňątida,rule-derived (synthetic dataset),
partiu,ňąpa…ĺtju,rule-derived (synthetic dataset),
pasmau,pasňąmaw,"attested (Macias 2003, p.24 phon)",pasmado
pasmaus,ňąpasmaws,"attested (Macias 2003, p.36)",pasmados
passa,ňąpasa,rule-derived (synthetic dataset),
passau,paňąsaw,rule-derived (synthetic dataset),
pasta,ňąpasta,rule-derived (synthetic dataset),
pastor,pasňąto…ĺ,rule-derived (synthetic dataset),
paz,ňąpaőł,rule-derived (synthetic dataset),
pa√≠ses,paňąises,rule-derived (synthetic dataset),
pede,ňąpede,rule-derived (synthetic dataset),
pedir,peňądi…ĺ,rule-derived (synthetic dataset),
pediu,ňąpedju,rule-derived (synthetic dataset),
peitu,ňąpejtu,rule-derived (synthetic dataset),
pendurau,penduňą…ĺaw,rule-derived (synthetic dataset),
pensou,penňąsow,rule-derived (synthetic dataset),
perigosa,pe…ĺiňą…°osa,rule-derived (synthetic dataset),
piedra,ňąpjed…ĺa,"attested (Macias 2003, p.36)",pedra
piedras,ňąpjed…ĺas,rule-derived (synthetic dataset),
pierdoou,pje…ĺdoňąow,rule-derived (synthetic dataset),
pierguntou,pje…ĺ…°unňątow,rule-derived (synthetic dataset),
pierna,ňąpje…ĺna,rule-derived (synthetic dataset),
piernas,ňąpje…ĺnas,"attested (Macias 2003, p.36)",pernas
pindon,ňąpind√Ķ,"attested (Macias 2003, p.19 narr)",pend√£o
piquena,piňąkena,rule-derived (synthetic dataset),
piquenu,piňąkenu,"attested (Macias 2003, p.19 narr)",pequeno
pla,ňąpla,rule-derived (synthetic dataset),
plas,ňąplas,rule-derived (synthetic dataset),
pobre,ňąpob…ĺe,rule-derived (synthetic dataset),
pobu,ňąpobu,rule-derived (synthetic dataset),
podia,ňąpodja,rule-derived (synthetic dataset),
por,ňąpo…ĺ,rule-derived (synthetic dataset),
porcu,ňąpo…ĺku,rule-derived (synthetic dataset),
porque,ňąpo…ĺke,rule-derived (synthetic dataset),
porradas,poňąradas,"attested (Macias 2003, p.36)",pancadas
portugal,po…ĺtuňą…°al,rule-derived (synthetic dataset),
portuguesa,po…ĺtu…°uňąesa,rule-derived (synthetic dataset),
portugueses,po…ĺtu…°uňąeses,rule-derived (synthetic dataset),
portugu√™s,po…ĺtu…°uňąes,rule-derived (synthetic dataset),
pouca,ňąpowka,rule-derived (synthetic dataset),
poucos,ňąpowkos,rule-derived (synthetic dataset),
poucu,ňąpowku,rule-derived (synthetic dataset),
pratos,ňąp…ĺatos,rule-derived (synthetic dataset),
pra√ßa,ňąp…ĺaőła,rule-derived (synthetic dataset),
precisa,p…ĺeňąőłisa,rule-derived (synthetic dataset),
precisaba,p…ĺeőłiňąsaba,rule-derived (synthetic dataset),
precisar,p…ĺeőłiňąsa…ĺ,rule-derived (synthetic dataset),
precisu,p…ĺeňąőłisu,rule-derived (synthetic dataset),
prendenun,p…ĺenňądenŇ©,"attested (Macias 2003, p.20 narr)",prenderam
prender,p…ĺenňąde…ĺ,rule-derived (synthetic dataset),
preocupaus,p…ĺeoňąkupaws,rule-derived (synthetic dataset),
pressu,ňąp…ĺesu,rule-derived (synthetic dataset),
pressus,ňąp…ĺesus,"attested (Macias 2003, p.36)",presos
presuntu,p…ĺeňąsuntu,rule-derived (synthetic dataset),
primabera,p…ĺimaňąbe…ĺa,rule-derived (synthetic dataset),
primeiru,p…ĺiňąmej…ĺu,rule-derived (synthetic dataset),
probam,ňąp…ĺob√£,rule-derived (synthetic dataset),
probar,p…ĺoňąba…ĺ,rule-derived (synthetic dataset),
problema,p…ĺobňąlema,rule-derived (synthetic dataset),
prociss√£u,p…ĺoňąőłis√£u,rule-derived (synthetic dataset),
prometenum,p…ĺomeňątenŇ©,rule-derived (synthetic dataset),
prometeu,p…ĺomeňąteu,rule-derived (synthetic dataset),
protestaba,p…ĺotesňątaba,rule-derived (synthetic dataset),
pude,ňąpude,"attested (Macias 2003, p.36 gloss)",pude/pode
pueden,puňąedŠļĹ,rule-derived (synthetic dataset),
puonte,puňąonte,"attested (Macias 2003, p.37)",ponte
pusenum,puňąsenŇ©,rule-derived (synthetic dataset),
puso,ňąpuso,"attested (Macias 2003, p.37 gloss)",p√īs
puxam,ňąpu É√£,rule-derived (synthetic dataset),
pu√Ęrta,ňąpwa…ĺta,"attested (Macias 2003, p.36)",porta
pu√Ęrtas,ňąpwa…ĺtas,rule-derived (synthetic dataset),
p√°ssaros,ňąpasa…ĺos,rule-derived (synthetic dataset),
p√©,ňąp…õ,rule-derived (synthetic dataset),
p√Ķe,ňąp√Ķe,rule-derived (synthetic dataset),
quando,ňąkwando,rule-derived (synthetic dataset),
quase,ňąkwase,rule-derived (synthetic dataset),
quatru,ňąkwat…ĺu,rule-derived (synthetic dataset),
que,ke,rule-derived (synthetic dataset),
queixu,ňąkej Éu,rule-derived (synthetic dataset),
quem,kŠļĹ,rule-derived (synthetic dataset),
quente,ňąkente,rule-derived (synthetic dataset),
querem,ňąke…ĺŠļĹ,rule-derived (synthetic dataset),
quinhentos,kiňą…≤entos,rule-derived (synthetic dataset),
quintal,kinňątal,rule-derived (synthetic dataset),
rabu,ňąrabu,rule-derived (synthetic dataset),
rapace,raňąpaőłe,"attested (Macias 2003, p.37)",rapaz
rapaces,raňąpaőłes,rule-derived (synthetic dataset),
rapa√ßa,raňąpaőła,"attested (Macias 2003, p.37)",rapariga
rapa√ßas,raňąpaőłas,rule-derived (synthetic dataset),
raspa,ňąraspa,rule-derived (synthetic dataset),
ratos,ňąratos,rule-derived (synthetic dataset),
rebanhos,reňąba…≤os,rule-derived (synthetic dataset),
rebanhu,reňąba…≤u,rule-derived (synthetic dataset),
rega,ňąre…°a,rule-derived (synthetic dataset),
regar,reňą…°a…ĺ,rule-derived (synthetic dataset),
repetir,repeňąti…ĺ,rule-derived (synthetic dataset),
resolbe,reňąsolbe,rule-derived (synthetic dataset),
respeitam,resňąpejt√£,rule-derived (synthetic dataset),
respondeu,responňądeu,rule-derived (synthetic dataset),
reuniu,reňąunju,rule-derived (synthetic dataset),
reuni√£u,reuňąni√£u,rule-derived (synthetic dataset),
ricu,ňąriku,rule-derived (synthetic dataset),
rionor√™s,rjonoňą…ĺes,rule-derived (synthetic dataset),
riqueza,riňąkeőła,rule-derived (synthetic dataset),
riu,ňąrju,"attested (Macias 2003, p.37)",rio
roupa,ňąrowpa,rule-derived (synthetic dataset),
ru√īdra,ňąrw…Ēd…ĺa,"attested (Macias 2003, p.26 phon)",roda
r√©s,ňąr…õs,rule-derived (synthetic dataset),
sabe,ňąsabe,rule-derived (synthetic dataset),
sabem,ňąsabŠļĹ,rule-derived (synthetic dataset),
sabias,ňąsabjas,rule-derived (synthetic dataset),
saem,ňąsaŠļĹ,rule-derived (synthetic dataset),
sagrada,sa…°ňą…ĺada,rule-derived (synthetic dataset),
sai,ňąsaj,rule-derived (synthetic dataset),
salir,saňąli…ĺ,"attested (Macias 2003, p.37)",sair
saliu,ňąsalju,rule-derived (synthetic dataset),
san,s√£,rule-derived (synthetic dataset),
sangue,sanňą…°ue,rule-derived (synthetic dataset),
sa√≠a,saňąia,rule-derived (synthetic dataset),
sa√≠ram,saňąi…ĺ√£,rule-derived (synthetic dataset),
se,se,rule-derived (synthetic dataset),
seca,ňąseka,rule-derived (synthetic dataset),
secam,ňąsek√£,rule-derived (synthetic dataset),
secanum,seňąkanŇ©,rule-derived (synthetic dataset),
secos,ňąsekos,rule-derived (synthetic dataset),
secu,ňąseku,rule-derived (synthetic dataset),
seguiu,seňą…°uju,rule-derived (synthetic dataset),
seis,ňąsejs,rule-derived (synthetic dataset),
semana,seňąmana,rule-derived (synthetic dataset),
semear,semeňąa…ĺ,rule-derived (synthetic dataset),
sentam,ňąsent√£,rule-derived (synthetic dataset),
sentau,senňątaw,rule-derived (synthetic dataset),
sente,ňąsente,rule-derived (synthetic dataset),
sentou,senňątow,rule-derived (synthetic dataset),
ser,ňąse…ĺ,rule-derived (synthetic dataset),
serbir,se…ĺňąbi…ĺ,rule-derived (synthetic dataset),
serbu,ňąse…ĺbu,rule-derived (synthetic dataset),
setembru,seňątemb…ĺu,rule-derived (synthetic dataset),
seu,ňąseu,rule-derived (synthetic dataset),
seus,ňąseus,rule-derived (synthetic dataset),
si,sj,rule-derived (synthetic dataset),
siempre,ňąsjemp…ĺe,rule-derived (synthetic dataset),
sierra,ňąsjera,rule-derived (synthetic dataset),
silbas,ňąsilbas,rule-derived (synthetic dataset),
sil√™nciu,siňąlenőłju,rule-derived (synthetic dataset),
sin,sń©,"attested (Macias 2003, p.37)",sem
siu,ňąsju,rule-derived (synthetic dataset),
sobre,ňąsob…ĺe,rule-derived (synthetic dataset),
sobrinhu,sobňą…ĺi…≤u,rule-derived (synthetic dataset),
sol,ňąsol,rule-derived (synthetic dataset),
soldau,solňądaw,rule-derived (synthetic dataset),
solos,ňąsolos,"attested (Macias 2003, p.37)",s√≥s
solu,ňąsolu,rule-derived (synthetic dataset),
som,s√Ķ,rule-derived (synthetic dataset),
sombras,ňąsomb…ĺas,rule-derived (synthetic dataset),
somos,ňąsomos,rule-derived (synthetic dataset),
sopraba,sopňą…ĺaba,rule-derived (synthetic dataset),
sorrisu,soňąrisu,rule-derived (synthetic dataset),
sorriu,ňąsorju,rule-derived (synthetic dataset),
sozinhos,soňąőłi…≤os,rule-derived (synthetic dataset),
sozinhu,soňąőłi…≤u,rule-derived (synthetic dataset),
staba,ňąstaba,rule-derived (synthetic dataset),
staban,ňąstab√£,rule-derived (synthetic dataset),
stan,ňąst√£,rule-derived (synthetic dataset),
star,ňąsta…ĺ,"attested (Macias 2003, p.37)",estar
stimaban,stiňąmab√£,"attested (Macias 2003, p.37)",estimavam
st√°,ňąsta,rule-derived (synthetic dataset),
st√≠mabades,ňąstimabades,"attested (Macias 2003, p.24 phon)",estim√°veis
sua,ňąsua,rule-derived (synthetic dataset),
suas,ňąsuas,rule-derived (synthetic dataset),
suspirou,suspiňą…ĺow,rule-derived (synthetic dataset),
suxeitu,suňą Éejtu,"attested (Macias 2003, p.37)",submetido
tala,ňątala,rule-derived (synthetic dataset),
talas,ňątalas,rule-derived (synthetic dataset),
tambien,tamňąbjeŐÉ,"attested (Macias 2003, p.37)",tamb√©m
tardaba,ta…ĺňądaba,rule-derived (synthetic dataset),
tarde,ňąta…ĺde,rule-derived (synthetic dataset),
tchama,ňąt Éama,rule-derived (synthetic dataset),
tchamaban,t Éaňąmab√£,"attested (Macias 2003, p.19 narr)",chamavam
tchamanum,t ÉaňąmanŇ©,rule-derived (synthetic dataset),
tchamar,t Éaňąma…ĺ,rule-derived (synthetic dataset),
tchamau,t Éaňąmaw,"attested (Macias 2003, p.24 phon)",chamado
tchamin√©s,t Éamiňąn…õs,rule-derived (synthetic dataset),
tchamou,t Éaňąmow,rule-derived (synthetic dataset),
tchega,ňąt Ée…°a,rule-derived (synthetic dataset),
tchegaba,t Éeňą…°aba,rule-derived (synthetic dataset),
tchegar,t Éeňą…°a…ĺ,rule-derived (synthetic dataset),
tchegou,t Éeňą…°ow,rule-derived (synthetic dataset),
tcheia,ňąt Éeja,rule-derived (synthetic dataset),
tcheira,ňąt Éej…ĺa,rule-derived (synthetic dataset),
tcheiraba,t Éejňą…ĺaba,rule-derived (synthetic dataset),
tcheiru,ňąt Éej…ĺu,rule-derived (synthetic dataset),
tcheiu,ňąt Éeju,rule-derived (synthetic dataset),
tchobe,ňąt Éobe,rule-derived (synthetic dataset),
tchuba,ňąt Éuba,rule-derived (synthetic dataset),
tch√£u,ňąt É√£u,rule-derived (synthetic dataset),
tear,teňąa…ĺ,rule-derived (synthetic dataset),
tece,ňąteőłe,rule-derived (synthetic dataset),
tecer,teňąőłe…ĺ,rule-derived (synthetic dataset),
teiau,tejňąaw,rule-derived (synthetic dataset),
teiaus,ňątejaws,rule-derived (synthetic dataset),
tempos,ňątempos,rule-derived (synthetic dataset),
tempu,ňątempu,rule-derived (synthetic dataset),
tenemos,teňąnemos,"attested (Macias 2003, p.37 gloss)",temos
tengo,ňąten…°o,"attested (Macias 2003, p.37 gloss)",tenho
tenia,ňątenja,"attested (Macias 2003, p.37 gloss)",tinha
tenian,ňątenj√£,rule-derived (synthetic dataset),
tentou,tenňątow,rule-derived (synthetic dataset),
tia,ňątja,rule-derived (synthetic dataset),
tibesses,tiňąbeses,rule-derived (synthetic dataset),
tienem,ňątjenŠļĹ,"attested (Macias 2003, p.37 gloss)",t√™m
tienes,ňątjenes,"attested (Macias 2003, p.37 gloss)",tens
tierra,ňątjera,rule-derived (synthetic dataset),
tierras,ňątjeras,rule-derived (synthetic dataset),
tintu,ňątintu,rule-derived (synthetic dataset),
tiu,ňątju,"attested (Macias 2003, p.19 narr)",tio
ti√™n,ňątjeŐÉ,"attested (Macias 2003, p.37 gloss)",tem
toca,ňątoka,rule-derived (synthetic dataset),
tocam,ňątok√£,rule-derived (synthetic dataset),
toda,ňątoda,rule-derived (synthetic dataset),
todas,ňątodas,rule-derived (synthetic dataset),
todu,ňątodu,rule-derived (synthetic dataset),
todus,ňątodus,rule-derived (synthetic dataset),
tontu,ňątontu,"attested (Macias 2003, p.19 narr)",tonto
ton√©is,toňąn…õis,rule-derived (synthetic dataset),
touru,ňątow…ĺu,rule-derived (synthetic dataset),
trabaia,t…ĺaňąbaja,rule-derived (synthetic dataset),
trabaiador,t…ĺabajaňądo…ĺ,rule-derived (synthetic dataset),
trabaiar,t…ĺabajňąa…ĺ,rule-derived (synthetic dataset),
trabaiu,t…ĺaňąbaju,rule-derived (synthetic dataset),
tradi√ß√£u,t…ĺaňądiőł√£u,rule-derived (synthetic dataset),
tremonhado,t…ĺemoňą…≤ado,"attested (Macias 2003, p.37)",terminal moinho
triste,ňąt…ĺiste,rule-derived (synthetic dataset),
troca,ňąt…ĺoka,rule-derived (synthetic dataset),
trouxe,ňąt…ĺow Ée,rule-derived (synthetic dataset),
trouxenum,t…ĺowňą ÉenŇ©,rule-derived (synthetic dataset),
tr√™s,ňąt…ĺes,rule-derived (synthetic dataset),
tudu,ňątudu,rule-derived (synthetic dataset),
t√£u,ňąt√£u,rule-derived (synthetic dataset),
ua,ňąua,"attested (Macias 2003, p.27 morph)",uma
uibaba,ujňąbaba,rule-derived (synthetic dataset),
un,Ň©,"attested (Macias 2003, p.27 morph)",um
unde,ňąunde,rule-derived (synthetic dataset),
uniu,ňąunju,rule-derived (synthetic dataset),
uns,ňąuns,rule-derived (synthetic dataset),
usar,uňąsa…ĺ,rule-derived (synthetic dataset),
xanela, Éaňąnela,rule-derived (synthetic dataset),
xanelas, Éaňąnelas,rule-derived (synthetic dataset),
xantar, Éanňąta…ĺ,rule-derived (synthetic dataset),
xardineiro, Éa…ĺdiňąnej…ĺo,"attested (Macias 2003, p.37)",jardineiro
xobens,ňą Éobens,rule-derived (synthetic dataset),
xogam,ňą Éo…°√£,rule-derived (synthetic dataset),
xo√£u,ňą Éo√£u,rule-derived (synthetic dataset),
xunta,ňą Éunta,rule-derived (synthetic dataset),
xuntanum, ÉunňątanŇ©,rule-derived (synthetic dataset),
xuntas,ňą Éuntas,rule-derived (synthetic dataset),
xuntos,ňą Éuntos,rule-derived (synthetic dataset),
xuntu,ňą Éuntu,rule-derived (synthetic dataset),
xusticia, Éusňątiőłja,"attested (Macias 2003, p.37)",justi√ßa
x√°,ňą Éa,rule-derived (synthetic dataset),
ye,je,rule-derived (synthetic dataset),
zumbian,ňąőłumbj√£,rule-derived (synthetic dataset),
√°rbores,ňąa…ĺbo…ĺes,rule-derived (synthetic dataset),
√≠ngreme,ňąin…°…ĺeme,rule-derived (synthetic dataset),
√ļltima,ňąultima,rule-derived (synthetic dataset),
